EIN,TaxYear,FormType,URL,TotalRevenueCY,GovernmentGrantsAmt
862023166,2023,990,https://gt990datalake-rawdata.s3.amazonaws.com/EfileData/XmlFiles/202420369349301167_public.xml,498046,
201944356,2023,990,https://gt990datalake-rawdata.s3.amazonaws.com/EfileData/XmlFiles/202400529349301005_public.xml,63370,0
411812831,2023,990,https://gt990datalake-rawdata.s3.amazonaws.com/EfileData/XmlFiles/202410519349301501_public.xml,266584,900
270181954,2023,990,https://gt990datalake-rawdata.s3.amazonaws.com/EfileData/XmlFiles/202430539349301133_public.xml,486128,
742501656,2023,990,https://gt990datalake-rawdata.s3.amazonaws.com/EfileData/XmlFiles/202430439349300848_public.xml,345395,275750
731165507,2023,990,https://gt990datalake-rawdata.s3.amazonaws.com/EfileData/XmlFiles/202430399349300038_public.xml,295134,
825300482,2023,990,https://gt990datalake-rawdata.s3.amazonaws.com/EfileData/XmlFiles/202400479349301385_public.xml,145030,
880256088,2023,990,https://gt990datalake-rawdata.s3.amazonaws.com/EfileData/XmlFiles/202410369349301326_public.xml,266461,
843445512,2023,990,https://gt990datalake-rawdata.s3.amazonaws.com/EfileData/XmlFiles/202410519349300906_public.xml,489924,
222928661,2023,990,https://gt990datalake-rawdata.s3.amazonaws.com/EfileData/XmlFiles/202400529349300105_public.xml,740083,95198
852247303,2023,990,https://gt990datalake-rawdata.s3.amazonaws.com/EfileData/XmlFiles/202420439349301507_public.xml,305312,
752742723,2023,990,https://gt990datalake-rawdata.s3.amazonaws.com/EfileData/XmlFiles/202441249349301804_public.xml,268126,
205148995,2023,990,https://gt990datalake-rawdata.s3.amazonaws.com/EfileData/XmlFiles/202441589349301214_public.xml,311633,
640711658,2023,990,https://gt990datalake-rawdata.s3.amazonaws.com/EfileData/XmlFiles/202410549349300516_public.xml,154430,89924
261656689,2023,990,https://gt990datalake-rawdata.s3.amazonaws.com/EfileData/XmlFiles/202411369349315121_public.xml,236482,
880382189,2023,990,https://gt990datalake-rawdata.s3.amazonaws.com/EfileData/XmlFiles/202431389349301033_public.xml,189833,
540922028,2023,990,https://gt990datalake-rawdata.s3.amazonaws.com/EfileData/XmlFiles/202411299349302016_public.xml,1373084,
510453375,2023,990,https://gt990datalake-rawdata.s3.amazonaws.com/EfileData/XmlFiles/202441159349300204_public.xml,223877,0
813351592,2023,990,https://gt990datalake-rawdata.s3.amazonaws.com/EfileData/XmlFiles/202411149349301436_public.xml,320589,
811344497,2023,990,https://gt990datalake-rawdata.s3.amazonaws.com/EfileData/XmlFiles/202411669349300401_public.xml,681177,
113703271,2023,990,https://gt990datalake-rawdata.s3.amazonaws.com/EfileData/XmlFiles/202430889349300308_public.xml,247800,
814278151,2023,990,https://gt990datalake-rawdata.s3.amazonaws.com/EfileData/XmlFiles/202441359349304129_public.xml,1607161,
20438520,2023,990,https://gt990datalake-rawdata.s3.amazonaws.com/EfileData/XmlFiles/202431369349310118_public.xml,317027,
261695468,2023,990,https://gt990datalake-rawdata.s3.amazonaws.com/EfileData/XmlFiles/202420799349300017_public.xml,515256,
342018800,2023,990,https://gt990datalake-rawdata.s3.amazonaws.com/EfileData/XmlFiles/202401429349300305_public.xml,527765,75552
621361122,2023,990,https://gt990datalake-rawdata.s3.amazonaws.com/EfileData/XmlFiles/202430689349300228_public.xml,370059,
813123725,2023,990,https://gt990datalake-rawdata.s3.amazonaws.com/EfileData/XmlFiles/202441359349303869_public.xml,1070680,53634
264509867,2023,990,https://gt990datalake-rawdata.s3.amazonaws.com/EfileData/XmlFiles/202441359349305024_public.xml,83733,14343
261545304,2023,990,https://gt990datalake-rawdata.s3.amazonaws.com/EfileData/XmlFiles/202411319349302866_public.xml,661375,79424
640931960,2023,990,https://gt990datalake-rawdata.s3.amazonaws.com/EfileData/XmlFiles/202441039349301019_public.xml,73759,
320102506,2023,990,https://gt990datalake-rawdata.s3.amazonaws.com/EfileData/XmlFiles/202420959349300407_public.xml,245353,187172
832945356,2023,990,https://gt990datalake-rawdata.s3.amazonaws.com/EfileData/XmlFiles/202411709349300126_public.xml,210826,
842056455,2023,990,https://gt990datalake-rawdata.s3.amazonaws.com/EfileData/XmlFiles/202410649349300306_public.xml,278125,51250
465394268,2023,990,https://gt990datalake-rawdata.s3.amazonaws.com/EfileData/XmlFiles/202410809349301211_public.xml,150233,
30357112,2023,990,https://gt990datalake-rawdata.s3.amazonaws.com/EfileData/XmlFiles/202421279349300017_public.xml,200317,
471435119,2023,990,https://gt990datalake-rawdata.s3.amazonaws.com/EfileData/XmlFiles/202421519349300617_public.xml,319671,
43213321,2023,990,https://gt990datalake-rawdata.s3.amazonaws.com/EfileData/XmlFiles/202400599349300625_public.xml,452871,
160755742,2023,990,https://gt990datalake-rawdata.s3.amazonaws.com/EfileData/XmlFiles/202430599349301048_public.xml,130740,
861147083,2023,990,https://gt990datalake-rawdata.s3.amazonaws.com/EfileData/XmlFiles/202441369349306544_public.xml,4850610,317923
260646555,2023,990,https://gt990datalake-rawdata.s3.amazonaws.com/EfileData/XmlFiles/202441259349300219_public.xml,494874,38100
208277679,2023,990,https://gt990datalake-rawdata.s3.amazonaws.com/EfileData/XmlFiles/202421349349308267_public.xml,5358649,
680510566,2023,990,https://gt990datalake-rawdata.s3.amazonaws.com/EfileData/XmlFiles/202401379349302290_public.xml,283770,
841248759,2023,990,https://gt990datalake-rawdata.s3.amazonaws.com/EfileData/XmlFiles/202401349349306195_public.xml,205222,
912054255,2023,990,https://gt990datalake-rawdata.s3.amazonaws.com/EfileData/XmlFiles/202401349349303700_public.xml,271409,0
820351171,2023,990,https://gt990datalake-rawdata.s3.amazonaws.com/EfileData/XmlFiles/202411249349302161_public.xml,3550220,
824470822,2023,990,https://gt990datalake-rawdata.s3.amazonaws.com/EfileData/XmlFiles/202401219349302315_public.xml,200576,28000
202433089,2023,990,https://gt990datalake-rawdata.s3.amazonaws.com/EfileData/XmlFiles/202411249349302776_public.xml,107659,0
465557321,2023,990,https://gt990datalake-rawdata.s3.amazonaws.com/EfileData/XmlFiles/202410879349300401_public.xml,266319,122070
562248495,2023,990,https://gt990datalake-rawdata.s3.amazonaws.com/EfileData/XmlFiles/202441359349304249_public.xml,1060067,
371050610,2023,990,https://gt990datalake-rawdata.s3.amazonaws.com/EfileData/XmlFiles/202440579349300409_public.xml,206566,
310900819,2023,990,https://gt990datalake-rawdata.s3.amazonaws.com/EfileData/XmlFiles/202440959349300844_public.xml,263781,117628
461813949,2023,990,https://gt990datalake-rawdata.s3.amazonaws.com/EfileData/XmlFiles/202401339349300635_public.xml,546979,148222
841498925,2023,990,https://gt990datalake-rawdata.s3.amazonaws.com/EfileData/XmlFiles/202421369349310207_public.xml,381436,10187
814314293,2023,990,https://gt990datalake-rawdata.s3.amazonaws.com/EfileData/XmlFiles/202420579349300232_public.xml,719085,
237370783,2023,990,https://gt990datalake-rawdata.s3.amazonaws.com/EfileData/XmlFiles/202401429349301210_public.xml,116296,36000
272351051,2023,990,https://gt990datalake-rawdata.s3.amazonaws.com/EfileData/XmlFiles/202421579349301507_public.xml,191172,
834145075,2023,990,https://gt990datalake-rawdata.s3.amazonaws.com/EfileData/XmlFiles/202410769349300701_public.xml,512633,0
261967956,2023,990,https://gt990datalake-rawdata.s3.amazonaws.com/EfileData/XmlFiles/202410949349301331_public.xml,1481266,
863924006,2023,990,https://gt990datalake-rawdata.s3.amazonaws.com/EfileData/XmlFiles/202411349349303406_public.xml,122699,
200553552,2023,990,https://gt990datalake-rawdata.s3.amazonaws.com/EfileData/XmlFiles/202420579349301227_public.xml,635171,0
843396166,2023,990,https://gt990datalake-rawdata.s3.amazonaws.com/EfileData/XmlFiles/202420729349300042_public.xml,209269,
412072595,2023,990,https://gt990datalake-rawdata.s3.amazonaws.com/EfileData/XmlFiles/202411369349318821_public.xml,1435724,
811360090,2023,990,https://gt990datalake-rawdata.s3.amazonaws.com/EfileData/XmlFiles/202420619349300212_public.xml,244276,60000
461020675,2023,990,https://gt990datalake-rawdata.s3.amazonaws.com/EfileData/XmlFiles/202430969349301613_public.xml,1708311,1489201
471289221,2023,990,https://gt990datalake-rawdata.s3.amazonaws.com/EfileData/XmlFiles/202440809349301429_public.xml,253603,
843746616,2023,990,https://gt990datalake-rawdata.s3.amazonaws.com/EfileData/XmlFiles/202401359349300615_public.xml,12700,
200778121,2023,990,https://gt990datalake-rawdata.s3.amazonaws.com/EfileData/XmlFiles/202441729349301579_public.xml,824250,131574
842076861,2023,990,https://gt990datalake-rawdata.s3.amazonaws.com/EfileData/XmlFiles/202440729349300724_public.xml,322021,
854142240,2023,990,https://gt990datalake-rawdata.s3.amazonaws.com/EfileData/XmlFiles/202411359349311226_public.xml,353573,0
916087260,2023,990,https://gt990datalake-rawdata.s3.amazonaws.com/EfileData/XmlFiles/202411029349301116_public.xml,220664,20000
474494949,2023,990,https://gt990datalake-rawdata.s3.amazonaws.com/EfileData/XmlFiles/202441369349318354_public.xml,72056,
930823122,2023,990,https://gt990datalake-rawdata.s3.amazonaws.com/EfileData/XmlFiles/202420659349301602_public.xml,73112,
834089433,2023,990,https://gt990datalake-rawdata.s3.amazonaws.com/EfileData/XmlFiles/202400679349300125_public.xml,200477,
541623576,2023,990,https://gt990datalake-rawdata.s3.amazonaws.com/EfileData/XmlFiles/202441369349304444_public.xml,604456,8000
161575308,2023,990,https://gt990datalake-rawdata.s3.amazonaws.com/EfileData/XmlFiles/202401309349302735_public.xml,210971,49500
237312204,2023,990,https://gt990datalake-rawdata.s3.amazonaws.com/EfileData/XmlFiles/202400929349301070_public.xml,1495323,
821210431,2023,990,https://gt990datalake-rawdata.s3.amazonaws.com/EfileData/XmlFiles/202421249349300547_public.xml,243029,0
943356689,2023,990,https://gt990datalake-rawdata.s3.amazonaws.com/EfileData/XmlFiles/202410949349300911_public.xml,724038,
822427604,2023,990,https://gt990datalake-rawdata.s3.amazonaws.com/EfileData/XmlFiles/202401319349302845_public.xml,187414,
821752622,2023,990,https://gt990datalake-rawdata.s3.amazonaws.com/EfileData/XmlFiles/202410589349301601_public.xml,176283,20618
842412702,2023,990,https://gt990datalake-rawdata.s3.amazonaws.com/EfileData/XmlFiles/202440809349300219_public.xml,1269888,
811369915,2023,990,https://gt990datalake-rawdata.s3.amazonaws.com/EfileData/XmlFiles/202410629349300811_public.xml,397558,
310999716,2023,990,https://gt990datalake-rawdata.s3.amazonaws.com/EfileData/XmlFiles/202441349349300309_public.xml,170967,0
823112655,2023,990,https://gt990datalake-rawdata.s3.amazonaws.com/EfileData/XmlFiles/202430949349300633_public.xml,332338,96688
250993391,2023,990,https://gt990datalake-rawdata.s3.amazonaws.com/EfileData/XmlFiles/202401299349303410_public.xml,2783689,423873
841572264,2023,990,https://gt990datalake-rawdata.s3.amazonaws.com/EfileData/XmlFiles/202421359349303342_public.xml,333556,76962
611583739,2023,990,https://gt990datalake-rawdata.s3.amazonaws.com/EfileData/XmlFiles/202401119349300605_public.xml,1899768,
341921103,2023,990,https://gt990datalake-rawdata.s3.amazonaws.com/EfileData/XmlFiles/202431239349301238_public.xml,2707675,
43228137,2023,990,https://gt990datalake-rawdata.s3.amazonaws.com/EfileData/XmlFiles/202401169349300040_public.xml,152796,18450
411707647,2023,990,https://gt990datalake-rawdata.s3.amazonaws.com/EfileData/XmlFiles/202410659349300726_public.xml,256859,212797
800366346,2023,990,https://gt990datalake-rawdata.s3.amazonaws.com/EfileData/XmlFiles/202401309349301910_public.xml,1450046,
813371890,2023,990,https://gt990datalake-rawdata.s3.amazonaws.com/EfileData/XmlFiles/202420799349300942_public.xml,760357,140477
460878912,2023,990,https://gt990datalake-rawdata.s3.amazonaws.com/EfileData/XmlFiles/202411369349310286_public.xml,211283,211152
421338090,2023,990,https://gt990datalake-rawdata.s3.amazonaws.com/EfileData/XmlFiles/202420649349301007_public.xml,502155,90000
475673816,2023,990,https://gt990datalake-rawdata.s3.amazonaws.com/EfileData/XmlFiles/202411379349301711_public.xml,231741,
812154231,2023,990,https://gt990datalake-rawdata.s3.amazonaws.com/EfileData/XmlFiles/202420929349300897_public.xml,225218,
550479715,2023,990,https://gt990datalake-rawdata.s3.amazonaws.com/EfileData/XmlFiles/202411629349300231_public.xml,2391577,
843112477,2023,990,https://gt990datalake-rawdata.s3.amazonaws.com/EfileData/XmlFiles/202410599349301916_public.xml,540863,
560946889,2023,990,https://gt990datalake-rawdata.s3.amazonaws.com/EfileData/XmlFiles/202411359349300036_public.xml,455794,5600
736120804,2023,990,https://gt990datalake-rawdata.s3.amazonaws.com/EfileData/XmlFiles/202401369349303305_public.xml,89859,11500
820833380,2023,990,https://gt990datalake-rawdata.s3.amazonaws.com/EfileData/XmlFiles/202441509349300909_public.xml,315357,2000
860147539,2023,990,https://gt990datalake-rawdata.s3.amazonaws.com/EfileData/XmlFiles/202411309349305181_public.xml,2144470,
814895106,2023,990,https://gt990datalake-rawdata.s3.amazonaws.com/EfileData/XmlFiles/202441289349303109_public.xml,527822,46590
473184478,2023,990,https://gt990datalake-rawdata.s3.amazonaws.com/EfileData/XmlFiles/202441629349301104_public.xml,764159,491331
812593049,2023,990,https://gt990datalake-rawdata.s3.amazonaws.com/EfileData/XmlFiles/202410869349301046_public.xml,511209,55000
203148637,2023,990,https://gt990datalake-rawdata.s3.amazonaws.com/EfileData/XmlFiles/202421219349301117_public.xml,122288,
813459439,2023,990,https://gt990datalake-rawdata.s3.amazonaws.com/EfileData/XmlFiles/202401369349301725_public.xml,406907,
721554892,2023,990,https://gt990datalake-rawdata.s3.amazonaws.com/EfileData/XmlFiles/202430579349300763_public.xml,352731,250
900353655,2023,990,https://gt990datalake-rawdata.s3.amazonaws.com/EfileData/XmlFiles/202441359349305944_public.xml,107444,
432106496,2023,990,https://gt990datalake-rawdata.s3.amazonaws.com/EfileData/XmlFiles/202431339349300308_public.xml,289252,0
43490671,2023,990,https://gt990datalake-rawdata.s3.amazonaws.com/EfileData/XmlFiles/202401349349303175_public.xml,7936985,
454242425,2023,990,https://gt990datalake-rawdata.s3.amazonaws.com/EfileData/XmlFiles/202421559349300707_public.xml,2664396,1500015
274344844,2023,990,https://gt990datalake-rawdata.s3.amazonaws.com/EfileData/XmlFiles/202441289349303904_public.xml,641165,104361
743230332,2023,990,https://gt990datalake-rawdata.s3.amazonaws.com/EfileData/XmlFiles/202440579349301224_public.xml,225666,0
481160429,2023,990,https://gt990datalake-rawdata.s3.amazonaws.com/EfileData/XmlFiles/202431559349301523_public.xml,63861,
20758897,2023,990,https://gt990datalake-rawdata.s3.amazonaws.com/EfileData/XmlFiles/202421139349300532_public.xml,350411,
43270010,2023,990,https://gt990datalake-rawdata.s3.amazonaws.com/EfileData/XmlFiles/202401359349307690_public.xml,228998,17500
815100482,2023,990,https://gt990datalake-rawdata.s3.amazonaws.com/EfileData/XmlFiles/202440759349300904_public.xml,372376,0
262969004,2023,990,https://gt990datalake-rawdata.s3.amazonaws.com/EfileData/XmlFiles/202420729349301612_public.xml,1217938,197639
850338419,2023,990,https://gt990datalake-rawdata.s3.amazonaws.com/EfileData/XmlFiles/202410599349300131_public.xml,489877,
203575558,2023,990,https://gt990datalake-rawdata.s3.amazonaws.com/EfileData/XmlFiles/202431229349300713_public.xml,425007,109144
841634391,2023,990,https://gt990datalake-rawdata.s3.amazonaws.com/EfileData/XmlFiles/202430629349300408_public.xml,648456,114565
590624468,2023,990,https://gt990datalake-rawdata.s3.amazonaws.com/EfileData/XmlFiles/202421569349300602_public.xml,21631872,4061806
261366954,2023,990,https://gt990datalake-rawdata.s3.amazonaws.com/EfileData/XmlFiles/202400899349300135_public.xml,376406,220263
481189755,2023,990,https://gt990datalake-rawdata.s3.amazonaws.com/EfileData/XmlFiles/202411319349301346_public.xml,1732536,417099
205405226,2023,990,https://gt990datalake-rawdata.s3.amazonaws.com/EfileData/XmlFiles/202431349349309053_public.xml,217668,
136165254,2023,990,https://gt990datalake-rawdata.s3.amazonaws.com/EfileData/XmlFiles/202411359349309656_public.xml,118433,
752609203,2023,990,https://gt990datalake-rawdata.s3.amazonaws.com/EfileData/XmlFiles/202431219349301693_public.xml,601505,37703
823819644,2023,990,https://gt990datalake-rawdata.s3.amazonaws.com/EfileData/XmlFiles/202410719349300436_public.xml,337481,0
521592783,2023,990,https://gt990datalake-rawdata.s3.amazonaws.com/EfileData/XmlFiles/202440729349300009_public.xml,266228,100214
752915186,2023,990,https://gt990datalake-rawdata.s3.amazonaws.com/EfileData/XmlFiles/202420809349301207_public.xml,875464,
742438012,2023,990,https://gt990datalake-rawdata.s3.amazonaws.com/EfileData/XmlFiles/202420809349300627_public.xml,398464,0
237154174,2023,990,https://gt990datalake-rawdata.s3.amazonaws.com/EfileData/XmlFiles/202401149349300925_public.xml,117822,30595
743145100,2023,990,https://gt990datalake-rawdata.s3.amazonaws.com/EfileData/XmlFiles/202411219349301881_public.xml,2017321,
453708309,2023,990,https://gt990datalake-rawdata.s3.amazonaws.com/EfileData/XmlFiles/202420959349300827_public.xml,625060,
341028234,2023,990,https://gt990datalake-rawdata.s3.amazonaws.com/EfileData/XmlFiles/202411359349307246_public.xml,2741844,
271902423,2023,990,https://gt990datalake-rawdata.s3.amazonaws.com/EfileData/XmlFiles/202401349349307180_public.xml,461779,
823028832,2023,990,https://gt990datalake-rawdata.s3.amazonaws.com/EfileData/XmlFiles/202440749349300839_public.xml,1093046,267938
461248503,2023,990,https://gt990datalake-rawdata.s3.amazonaws.com/EfileData/XmlFiles/202420889349301042_public.xml,243468,26012
582194611,2023,990,https://gt990datalake-rawdata.s3.amazonaws.com/EfileData/XmlFiles/202421649349301412_public.xml,192341,
592085222,2023,990,https://gt990datalake-rawdata.s3.amazonaws.com/EfileData/XmlFiles/202440729349301519_public.xml,508752,
710352307,2023,990,https://gt990datalake-rawdata.s3.amazonaws.com/EfileData/XmlFiles/202400719349300015_public.xml,809689,147328
521525013,2023,990,https://gt990datalake-rawdata.s3.amazonaws.com/EfileData/XmlFiles/202421009349301552_public.xml,17262,
310846147,2023,990,https://gt990datalake-rawdata.s3.amazonaws.com/EfileData/XmlFiles/202441229349301544_public.xml,854054,430750
650789979,2023,990,https://gt990datalake-rawdata.s3.amazonaws.com/EfileData/XmlFiles/202420759349301662_public.xml,231964,90108
273293759,2023,990,https://gt990datalake-rawdata.s3.amazonaws.com/EfileData/XmlFiles/202400829349300640_public.xml,676285,141999
832255190,2023,990,https://gt990datalake-rawdata.s3.amazonaws.com/EfileData/XmlFiles/202431319349301003_public.xml,409273,13809
850309964,2023,990,https://gt990datalake-rawdata.s3.amazonaws.com/EfileData/XmlFiles/202441329349300129_public.xml,184567,11529
841407056,2023,990,https://gt990datalake-rawdata.s3.amazonaws.com/EfileData/XmlFiles/202411519349300626_public.xml,59153,
461773899,2023,990,https://gt990datalake-rawdata.s3.amazonaws.com/EfileData/XmlFiles/202431499349301353_public.xml,170533,
742095766,2023,990,https://gt990datalake-rawdata.s3.amazonaws.com/EfileData/XmlFiles/202400989349300710_public.xml,2676078,
541047175,2023,990,https://gt990datalake-rawdata.s3.amazonaws.com/EfileData/XmlFiles/202431369349301103_public.xml,1210912,
351645329,2023,990,https://gt990datalake-rawdata.s3.amazonaws.com/EfileData/XmlFiles/202430929349300048_public.xml,351415,278900
710956749,2023,990,https://gt990datalake-rawdata.s3.amazonaws.com/EfileData/XmlFiles/202401249349302165_public.xml,10509476,766516
352489888,2023,990,https://gt990datalake-rawdata.s3.amazonaws.com/EfileData/XmlFiles/202441429349301514_public.xml,450902,238149
371769643,2023,990,https://gt990datalake-rawdata.s3.amazonaws.com/EfileData/XmlFiles/202411029349301616_public.xml,1185370,
821351758,2023,990,https://gt990datalake-rawdata.s3.amazonaws.com/EfileData/XmlFiles/202441359349305174_public.xml,268772,65000
474612125,2023,990,https://gt990datalake-rawdata.s3.amazonaws.com/EfileData/XmlFiles/202421369349304577_public.xml,336955,0
463139416,2023,990,https://gt990datalake-rawdata.s3.amazonaws.com/EfileData/XmlFiles/202431369349306758_public.xml,65777,15196
820593919,2023,990,https://gt990datalake-rawdata.s3.amazonaws.com/EfileData/XmlFiles/202440569349300154_public.xml,1148459,
813119365,2023,990,https://gt990datalake-rawdata.s3.amazonaws.com/EfileData/XmlFiles/202411319349301616_public.xml,239364,
850730518,2023,990,https://gt990datalake-rawdata.s3.amazonaws.com/EfileData/XmlFiles/202411589349300006_public.xml,144862,25000
383700853,2023,990,https://gt990datalake-rawdata.s3.amazonaws.com/EfileData/XmlFiles/202400799349300515_public.xml,169801,
341860478,2023,990,https://gt990datalake-rawdata.s3.amazonaws.com/EfileData/XmlFiles/202420749349300117_public.xml,61120,20000
470980038,2023,990,https://gt990datalake-rawdata.s3.amazonaws.com/EfileData/XmlFiles/202411919349300831_public.xml,653108,
382614596,2023,990,https://gt990datalake-rawdata.s3.amazonaws.com/EfileData/XmlFiles/202431979349300013_public.xml,303971,
800859981,2023,990,https://gt990datalake-rawdata.s3.amazonaws.com/EfileData/XmlFiles/202431779349300123_public.xml,575654,
351935366,2023,990,https://gt990datalake-rawdata.s3.amazonaws.com/EfileData/XmlFiles/202422069349300102_public.xml,451354,
201137318,2023,990,https://gt990datalake-rawdata.s3.amazonaws.com/EfileData/XmlFiles/202421939349300817_public.xml,211452,
272343010,2023,990,https://gt990datalake-rawdata.s3.amazonaws.com/EfileData/XmlFiles/202401809349300440_public.xml,287565,
208862731,2023,990,https://gt990datalake-rawdata.s3.amazonaws.com/EfileData/XmlFiles/202431789349301338_public.xml,3052478,900000
593685470,2023,990,https://gt990datalake-rawdata.s3.amazonaws.com/EfileData/XmlFiles/202441799349300924_public.xml,650156,53207
264413560,2023,990,https://gt990datalake-rawdata.s3.amazonaws.com/EfileData/XmlFiles/202401789349300925_public.xml,247910,
752050812,2023,990,https://gt990datalake-rawdata.s3.amazonaws.com/EfileData/XmlFiles/202401779349300200_public.xml,6796015,1125618
10448408,2023,990,https://gt990datalake-rawdata.s3.amazonaws.com/EfileData/XmlFiles/202411799349300601_public.xml,637861,
263993160,2023,990,https://gt990datalake-rawdata.s3.amazonaws.com/EfileData/XmlFiles/202421939349301927_public.xml,1117379,
840831830,2023,990,https://gt990datalake-rawdata.s3.amazonaws.com/EfileData/XmlFiles/202441779349300804_public.xml,256625,
202501002,2023,990,https://gt990datalake-rawdata.s3.amazonaws.com/EfileData/XmlFiles/202401909349300925_public.xml,9744875,7888153
481104657,2023,990,https://gt990datalake-rawdata.s3.amazonaws.com/EfileData/XmlFiles/202411779349301511_public.xml,925457,117167
620563294,2023,990,https://gt990datalake-rawdata.s3.amazonaws.com/EfileData/XmlFiles/202411919349300446_public.xml,359671,
951882915,2023,990,https://gt990datalake-rawdata.s3.amazonaws.com/EfileData/XmlFiles/202442229349301409_public.xml,650887,
912152631,2023,990,https://gt990datalake-rawdata.s3.amazonaws.com/EfileData/XmlFiles/202442149349300934_public.xml,1038355,
363909531,2023,990,https://gt990datalake-rawdata.s3.amazonaws.com/EfileData/XmlFiles/202422189349301657_public.xml,125305,
462513733,2023,990,https://gt990datalake-rawdata.s3.amazonaws.com/EfileData/XmlFiles/202432219349300303_public.xml,233176,70852
810361221,2023,990,https://gt990datalake-rawdata.s3.amazonaws.com/EfileData/XmlFiles/202402699349301525_public.xml,823264,247391
330995500,2023,990,https://gt990datalake-rawdata.s3.amazonaws.com/EfileData/XmlFiles/202442499349301309_public.xml,3045719,
880450947,2023,990,https://gt990datalake-rawdata.s3.amazonaws.com/EfileData/XmlFiles/202402489349301860_public.xml,1693566,
830274740,2023,990,https://gt990datalake-rawdata.s3.amazonaws.com/EfileData/XmlFiles/202422559349300932_public.xml,639619,30744
821437264,2023,990,https://gt990datalake-rawdata.s3.amazonaws.com/EfileData/XmlFiles/202432419349300138_public.xml,311089,
822395095,2023,990,https://gt990datalake-rawdata.s3.amazonaws.com/EfileData/XmlFiles/202422759349300412_public.xml,313695,
203924355,2023,990,https://gt990datalake-rawdata.s3.amazonaws.com/EfileData/XmlFiles/202432889349300433_public.xml,416903,
275341862,2023,990,https://gt990datalake-rawdata.s3.amazonaws.com/EfileData/XmlFiles/202432959349302108_public.xml,695236,44622
851115587,2023,990,https://gt990datalake-rawdata.s3.amazonaws.com/EfileData/XmlFiles/202432829349300408_public.xml,262500,
264835303,2023,990,https://gt990datalake-rawdata.s3.amazonaws.com/EfileData/XmlFiles/202422929349301242_public.xml,4108455,
581875599,2023,990,https://gt990datalake-rawdata.s3.amazonaws.com/EfileData/XmlFiles/202402839349301315_public.xml,371139,34556
860750139,2023,990,https://gt990datalake-rawdata.s3.amazonaws.com/EfileData/XmlFiles/202422859349301962_public.xml,1891286,
521541798,2023,990,https://gt990datalake-rawdata.s3.amazonaws.com/EfileData/XmlFiles/202432759349300433_public.xml,93785,
455497470,2023,990,https://gt990datalake-rawdata.s3.amazonaws.com/EfileData/XmlFiles/202442819349301434_public.xml,1584905,
742241745,2023,990,https://gt990datalake-rawdata.s3.amazonaws.com/EfileData/XmlFiles/202443189349302664_public.xml,322691,166029
832442623,2023,990,https://gt990datalake-rawdata.s3.amazonaws.com/EfileData/XmlFiles/202403179349303455_public.xml,538988,
421618670,2023,990,https://gt990datalake-rawdata.s3.amazonaws.com/EfileData/XmlFiles/202423179349301972_public.xml,301293,
262091859,2023,990,https://gt990datalake-rawdata.s3.amazonaws.com/EfileData/XmlFiles/202403209349323735_public.xml,438494,185439
208671516,2023,990,https://gt990datalake-rawdata.s3.amazonaws.com/EfileData/XmlFiles/202443039349300904_public.xml,342999,
630851160,2023,990,https://gt990datalake-rawdata.s3.amazonaws.com/EfileData/XmlFiles/202413049349302296_public.xml,625801,108383
474772825,2023,990,https://gt990datalake-rawdata.s3.amazonaws.com/EfileData/XmlFiles/202403209349312780_public.xml,316136,
270317225,2023,990,https://gt990datalake-rawdata.s3.amazonaws.com/EfileData/XmlFiles/202413199349309566_public.xml,298593,210683
311466898,2023,990,https://gt990datalake-rawdata.s3.amazonaws.com/EfileData/XmlFiles/202403179349303105_public.xml,340444,
821372780,2023,990,https://gt990datalake-rawdata.s3.amazonaws.com/EfileData/XmlFiles/202423529349300007_public.xml,452183,0
453682976,2023,990,https://gt990datalake-rawdata.s3.amazonaws.com/EfileData/XmlFiles/202510709349300706_public.xml,1270279,0
251645715,2023,990,https://gt990datalake-rawdata.s3.amazonaws.com/EfileData/XmlFiles/202530399349300413_public.xml,144146,82000
453682976,2023,990,https://gt990datalake-rawdata.s3.amazonaws.com/EfileData/XmlFiles/202510999349300306_public.xml,1270279,0
820593919,2024,990,https://gt990datalake-rawdata.s3.amazonaws.com/EfileData/XmlFiles/202500779349300720_public.xml,854892,
461742986,2024,990,https://gt990datalake-rawdata.s3.amazonaws.com/EfileData/XmlFiles/202500319349301500_public.xml,192591,60449
880256088,2024,990,https://gt990datalake-rawdata.s3.amazonaws.com/EfileData/XmlFiles/202520579349301772_public.xml,460055,
822638878,2024,990,https://gt990datalake-rawdata.s3.amazonaws.com/EfileData/XmlFiles/202500349349302055_public.xml,288596,281490
201944356,2024,990,https://gt990datalake-rawdata.s3.amazonaws.com/EfileData/XmlFiles/202520719349301742_public.xml,158334,0
842056455,2024,990,https://gt990datalake-rawdata.s3.amazonaws.com/EfileData/XmlFiles/202540799349301144_public.xml,654098,18250
930823122,2024,990,https://gt990datalake-rawdata.s3.amazonaws.com/EfileData/XmlFiles/202530389349300723_public.xml,130708,
742438012,2024,990,https://gt990datalake-rawdata.s3.amazonaws.com/EfileData/XmlFiles/202500729349301350_public.xml,445705,0
850730518,2024,990,https://gt990datalake-rawdata.s3.amazonaws.com/EfileData/XmlFiles/202520389349300727_public.xml,137452,60010
753149358,2024,990,https://gt990datalake-rawdata.s3.amazonaws.com/EfileData/XmlFiles/202530459349301878_public.xml,633325,
862023166,2024,990,https://gt990datalake-rawdata.s3.amazonaws.com/EfileData/XmlFiles/202500369349301620_public.xml,831840,16507
461773899,2024,990,https://gt990datalake-rawdata.s3.amazonaws.com/EfileData/XmlFiles/202500519349301420_public.xml,252132,
811369915,2024,990,https://gt990datalake-rawdata.s3.amazonaws.com/EfileData/XmlFiles/202510509349301951_public.xml,428829,
842412702,2024,990,https://gt990datalake-rawdata.s3.amazonaws.com/EfileData/XmlFiles/202500649349300535_public.xml,1581778,
851115587,2024,990,https://gt990datalake-rawdata.s3.amazonaws.com/EfileData/XmlFiles/202520609349300217_public.xml,305460,
411707647,2024,990,https://gt990datalake-rawdata.s3.amazonaws.com/EfileData/XmlFiles/202510769349300701_public.xml,252256,227073
474612125,2024,990,https://gt990datalake-rawdata.s3.amazonaws.com/EfileData/XmlFiles/202530639349301113_public.xml,441152,36654
834145075,2024,990,https://gt990datalake-rawdata.s3.amazonaws.com/EfileData/XmlFiles/202530229349300403_public.xml,493501,0
743230332,2024,990,https://gt990datalake-rawdata.s3.amazonaws.com/EfileData/XmlFiles/202500699349300850_public.xml,267509,0
592085222,2024,990,https://gt990datalake-rawdata.s3.amazonaws.com/EfileData/XmlFiles/202530429349301688_public.xml,702683,
461458976,2024,990,https://gt990datalake-rawdata.s3.amazonaws.com/EfileData/XmlFiles/202500159349301160_public.xml,403012,32500
841530392,2024,990,https://gt990datalake-rawdata.s3.amazonaws.com/EfileData/XmlFiles/202510699349300601_public.xml,152437,
222928661,2024,990,https://gt990datalake-rawdata.s3.amazonaws.com/EfileData/XmlFiles/202510519349301801_public.xml,754099,71187
843112477,2024,990,https://gt990datalake-rawdata.s3.amazonaws.com/EfileData/XmlFiles/202510589349301421_public.xml,421142,
43213321,2024,990,https://gt990datalake-rawdata.s3.amazonaws.com/EfileData/XmlFiles/202510599349301411_public.xml,551094,
262969004,2024,990,https://gt990datalake-rawdata.s3.amazonaws.com/EfileData/XmlFiles/202500709349301455_public.xml,1389626,68720
821437264,2024,990,https://gt990datalake-rawdata.s3.amazonaws.com/EfileData/XmlFiles/202510379349301211_public.xml,383247,
852247303,2024,990,https://gt990datalake-rawdata.s3.amazonaws.com/EfileData/XmlFiles/202530459349301563_public.xml,405579,
160755742,2024,990,https://gt990datalake-rawdata.s3.amazonaws.com/EfileData/XmlFiles/202520579349300012_public.xml,124790,
261695468,2024,990,https://gt990datalake-rawdata.s3.amazonaws.com/EfileData/XmlFiles/202540739349301784_public.xml,509264,
721554892,2024,990,https://gt990datalake-rawdata.s3.amazonaws.com/EfileData/XmlFiles/202540739349300509_public.xml,426731,138015
640931960,2024,990,https://gt990datalake-rawdata.s3.amazonaws.com/EfileData/XmlFiles/202540719349301614_public.xml,68833,
731165507,2024,990,https://gt990datalake-rawdata.s3.amazonaws.com/EfileData/XmlFiles/202530649349300238_public.xml,266221,
825300482,2024,990,https://gt990datalake-rawdata.s3.amazonaws.com/EfileData/XmlFiles/202510519349300036_public.xml,289117,
463139416,2024,990,https://gt990datalake-rawdata.s3.amazonaws.com/EfileData/XmlFiles/202540459349301719_public.xml,56882,8200
270181954,2024,990,https://gt990datalake-rawdata.s3.amazonaws.com/EfileData/XmlFiles/202520429349301427_public.xml,523955,
421618670,2024,990,https://gt990datalake-rawdata.s3.amazonaws.com/EfileData/XmlFiles/202540599349300349_public.xml,302446,
742501656,2024,990,https://gt990datalake-rawdata.s3.amazonaws.com/EfileData/XmlFiles/202510699349301206_public.xml,131066,
471435119,2024,990,https://gt990datalake-rawdata.s3.amazonaws.com/EfileData/XmlFiles/202510729349300426_public.xml,569266,
113703271,2024,990,https://gt990datalake-rawdata.s3.amazonaws.com/EfileData/XmlFiles/202540519349300004_public.xml,261555,
814314293,2024,990,https://gt990datalake-rawdata.s3.amazonaws.com/EfileData/XmlFiles/202500639349300300_public.xml,1956220,
841634391,2024,990,https://gt990datalake-rawdata.s3.amazonaws.com/EfileData/XmlFiles/202520769349301912_public.xml,491724,24030
843396166,2024,990,https://gt990datalake-rawdata.s3.amazonaws.com/EfileData/XmlFiles/202530709349300148_public.xml,141103,
411812831,2024,990,https://gt990datalake-rawdata.s3.amazonaws.com/EfileData/XmlFiles/202500649349300425_public.xml,272086,0
311587429,2024,990,https://gt990datalake-rawdata.s3.amazonaws.com/EfileData/XmlFiles/202540509349301614_public.xml,709184,44800
351645329,2024,990,https://gt990datalake-rawdata.s3.amazonaws.com/EfileData/XmlFiles/202510719349300441_public.xml,364600,302040
621361122,2024,990,https://gt990datalake-rawdata.s3.amazonaws.com/EfileData/XmlFiles/202510569349300706_public.xml,391974,
752742723,2024,990,https://gt990datalake-rawdata.s3.amazonaws.com/EfileData/XmlFiles/202510529349301111_public.xml,258741,
843445512,2024,990,https://gt990datalake-rawdata.s3.amazonaws.com/EfileData/XmlFiles/202510419349300126_public.xml,774240,
521592783,2024,990,https://gt990datalake-rawdata.s3.amazonaws.com/EfileData/XmlFiles/202520569349300712_public.xml,324151,108288
823819644,2024,990,https://gt990datalake-rawdata.s3.amazonaws.com/EfileData/XmlFiles/202510769349300941_public.xml,494033,0
201137318,2024,990,https://gt990datalake-rawdata.s3.amazonaws.com/EfileData/XmlFiles/202500499349300945_public.xml,279022,
461248503,2024,990,https://gt990datalake-rawdata.s3.amazonaws.com/EfileData/XmlFiles/202500669349301625_public.xml,199859,57102
200553552,2024,990,https://gt990datalake-rawdata.s3.amazonaws.com/EfileData/XmlFiles/202500719349300800_public.xml,680038,0
272343010,2024,990,https://gt990datalake-rawdata.s3.amazonaws.com/EfileData/XmlFiles/202500779349300640_public.xml,212670,
371050610,2024,990,https://gt990datalake-rawdata.s3.amazonaws.com/EfileData/XmlFiles/202500539349300705_public.xml,259528,
275341862,2024,990,https://gt990datalake-rawdata.s3.amazonaws.com/EfileData/XmlFiles/202530529349301628_public.xml,861474,13500
465557321,2024,990,https://gt990datalake-rawdata.s3.amazonaws.com/EfileData/XmlFiles/202500639349300915_public.xml,223170,64222
850338419,2024,990,https://gt990datalake-rawdata.s3.amazonaws.com/EfileData/XmlFiles/202520579349300332_public.xml,215333,
815100482,2024,990,https://gt990datalake-rawdata.s3.amazonaws.com/EfileData/XmlFiles/202520859349300502_public.xml,609801,13040
871073471,2024,990,https://gt990datalake-rawdata.s3.amazonaws.com/EfileData/XmlFiles/202541119349300409_public.xml,273366,128000
383700853,2024,990,https://gt990datalake-rawdata.s3.amazonaws.com/EfileData/XmlFiles/202500909349300425_public.xml,158053,
823028832,2024,990,https://gt990datalake-rawdata.s3.amazonaws.com/EfileData/XmlFiles/202511019349300821_public.xml,769494,267939
821372780,2024,990,https://gt990datalake-rawdata.s3.amazonaws.com/EfileData/XmlFiles/202530999349301958_public.xml,202394,0
453682976,2024,990,https://gt990datalake-rawdata.s3.amazonaws.com/EfileData/XmlFiles/202540999349300704_public.xml,676121,0
237312204,2024,990,https://gt990datalake-rawdata.s3.amazonaws.com/EfileData/XmlFiles/202530869349300938_public.xml,1438238,
320102506,2024,990,https://gt990datalake-rawdata.s3.amazonaws.com/EfileData/XmlFiles/202540929349300024_public.xml,185771,55890
821752622,2024,990,https://gt990datalake-rawdata.s3.amazonaws.com/EfileData/XmlFiles/202510879349300126_public.xml,434855,244883
521525013,2024,990,https://gt990datalake-rawdata.s3.amazonaws.com/EfileData/XmlFiles/202530949349300428_public.xml,63645,
550479715,2024,990,https://gt990datalake-rawdata.s3.amazonaws.com/EfileData/XmlFiles/202540929349301409_public.xml,2343738,
841572264,2024,990,https://gt990datalake-rawdata.s3.amazonaws.com/EfileData/XmlFiles/202531089349301408_public.xml,382025,72455
341921103,2024,990,https://gt990datalake-rawdata.s3.amazonaws.com/EfileData/XmlFiles/202541129349300149_public.xml,2852483,
562566882,2024,990,https://gt990datalake-rawdata.s3.amazonaws.com/EfileData/XmlFiles/202540849349301904_public.xml,251777,
916087260,2024,990,https://gt990datalake-rawdata.s3.amazonaws.com/EfileData/XmlFiles/202540939349300344_public.xml,409947,
800366346,2024,990,https://gt990datalake-rawdata.s3.amazonaws.com/EfileData/XmlFiles/202510979349301921_public.xml,354617,
813371890,2024,990,https://gt990datalake-rawdata.s3.amazonaws.com/EfileData/XmlFiles/202521079349300442_public.xml,935393,193273
263993160,2024,990,https://gt990datalake-rawdata.s3.amazonaws.com/EfileData/XmlFiles/202531029349300238_public.xml,1370388,
562248495,2024,990,https://gt990datalake-rawdata.s3.amazonaws.com/EfileData/XmlFiles/202541089349300514_public.xml,1908990,
261366954,2024,990,https://gt990datalake-rawdata.s3.amazonaws.com/EfileData/XmlFiles/202500949349301220_public.xml,493884,239439
510453375,2024,990,https://gt990datalake-rawdata.s3.amazonaws.com/EfileData/XmlFiles/202501139349300130_public.xml,292564,0
371769643,2024,990,https://gt990datalake-rawdata.s3.amazonaws.com/EfileData/XmlFiles/202531019349300728_public.xml,1353027,
844693996,2024,990,https://gt990datalake-rawdata.s3.amazonaws.com/EfileData/XmlFiles/202520939349300312_public.xml,115316,
823112655,2024,990,https://gt990datalake-rawdata.s3.amazonaws.com/EfileData/XmlFiles/202531069349300303_public.xml,304264,8127
840831830,2024,990,https://gt990datalake-rawdata.s3.amazonaws.com/EfileData/XmlFiles/202501049349300545_public.xml,478802,
273293759,2024,990,https://gt990datalake-rawdata.s3.amazonaws.com/EfileData/XmlFiles/202530849349300893_public.xml,652659,114602
812154231,2024,990,https://gt990datalake-rawdata.s3.amazonaws.com/EfileData/XmlFiles/202530829349300258_public.xml,215590,
832442623,2024,990,https://gt990datalake-rawdata.s3.amazonaws.com/EfileData/XmlFiles/202531029349300513_public.xml,1470242,
310900819,2024,990,https://gt990datalake-rawdata.s3.amazonaws.com/EfileData/XmlFiles/202520839349300947_public.xml,246256,129435
854142240,2024,990,https://gt990datalake-rawdata.s3.amazonaws.com/EfileData/XmlFiles/202540999349300134_public.xml,242676,0
742095766,2024,990,https://gt990datalake-rawdata.s3.amazonaws.com/EfileData/XmlFiles/202540939349300724_public.xml,3211236,
842076861,2024,990,https://gt990datalake-rawdata.s3.amazonaws.com/EfileData/XmlFiles/202520839349301192_public.xml,468483,
261656689,2024,990,https://gt990datalake-rawdata.s3.amazonaws.com/EfileData/XmlFiles/202511009349300601_public.xml,260757,63500
461020675,2024,990,https://gt990datalake-rawdata.s3.amazonaws.com/EfileData/XmlFiles/202511089349300411_public.xml,2652409,1387324
474772825,2024,990,https://gt990datalake-rawdata.s3.amazonaws.com/EfileData/XmlFiles/202520839349300147_public.xml,446725,0
863924006,2024,990,https://gt990datalake-rawdata.s3.amazonaws.com/EfileData/XmlFiles/202520879349300707_public.xml,188383,
541047175,2024,990,https://gt990datalake-rawdata.s3.amazonaws.com/EfileData/XmlFiles/202510939349300311_public.xml,2829250,
832945356,2024,990,https://gt990datalake-rawdata.s3.amazonaws.com/EfileData/XmlFiles/202511019349300906_public.xml,194146,
822358444,2024,990,https://gt990datalake-rawdata.s3.amazonaws.com/EfileData/XmlFiles/202530869349301313_public.xml,313409,31908
481104657,2024,990,https://gt990datalake-rawdata.s3.amazonaws.com/EfileData/XmlFiles/202511129349300341_public.xml,716553,140137
813351592,2024,990,https://gt990datalake-rawdata.s3.amazonaws.com/EfileData/XmlFiles/202530919349300933_public.xml,314053,
821210431,2024,990,https://gt990datalake-rawdata.s3.amazonaws.com/EfileData/XmlFiles/202501049349302135_public.xml,389397,0
824566103,2024,990,https://gt990datalake-rawdata.s3.amazonaws.com/EfileData/XmlFiles/202520939349300602_public.xml,269607,0
824470822,2024,990,https://gt990datalake-rawdata.s3.amazonaws.com/EfileData/XmlFiles/202520949349300402_public.xml,286509,0
363909531,2024,990,https://gt990datalake-rawdata.s3.amazonaws.com/EfileData/XmlFiles/202510869349301401_public.xml,284474,
813119365,2024,990,https://gt990datalake-rawdata.s3.amazonaws.com/EfileData/XmlFiles/202520929349300642_public.xml,237628,
464870522,2024,990,https://gt990datalake-rawdata.s3.amazonaws.com/EfileData/XmlFiles/202541119349301204_public.xml,211771,0
461813949,2024,990,https://gt990datalake-rawdata.s3.amazonaws.com/EfileData/XmlFiles/202521089349301907_public.xml,625444,146746
453708309,2024,990,https://gt990datalake-rawdata.s3.amazonaws.com/EfileData/XmlFiles/202501019349301870_public.xml,874752,
812593049,2024,990,https://gt990datalake-rawdata.s3.amazonaws.com/EfileData/XmlFiles/202541039349300504_public.xml,686266,55000
341860478,2024,990,https://gt990datalake-rawdata.s3.amazonaws.com/EfileData/XmlFiles/202500809349301305_public.xml,68069,29352
208671516,2024,990,https://gt990datalake-rawdata.s3.amazonaws.com/EfileData/XmlFiles/202540919349300309_public.xml,470559,0
473184478,2024,990,https://gt990datalake-rawdata.s3.amazonaws.com/EfileData/XmlFiles/202501019349300000_public.xml,839006,484951
811360090,2024,990,https://gt990datalake-rawdata.s3.amazonaws.com/EfileData/XmlFiles/202510979349300836_public.xml,421246,
200003876,2024,990,https://gt990datalake-rawdata.s3.amazonaws.com/EfileData/XmlFiles/202521089349300637_public.xml,207966,
650789979,2024,990,https://gt990datalake-rawdata.s3.amazonaws.com/EfileData/XmlFiles/202520829349300157_public.xml,278739,178512
43228137,2024,990,https://gt990datalake-rawdata.s3.amazonaws.com/EfileData/XmlFiles/202530959349300903_public.xml,108026,
471289221,2024,990,https://gt990datalake-rawdata.s3.amazonaws.com/EfileData/XmlFiles/202500859349301105_public.xml,375988,
260646555,2024,990,https://gt990datalake-rawdata.s3.amazonaws.com/EfileData/XmlFiles/202500889349300300_public.xml,492597,0
203148637,2024,990,https://gt990datalake-rawdata.s3.amazonaws.com/EfileData/XmlFiles/202540859349301334_public.xml,168172,
824652899,2024,990,https://gt990datalake-rawdata.s3.amazonaws.com/EfileData/XmlFiles/202511119349300201_public.xml,113411,15100
330995500,2024,990,https://gt990datalake-rawdata.s3.amazonaws.com/EfileData/XmlFiles/202531149349301523_public.xml,2065230,
455497470,2024,990,https://gt990datalake-rawdata.s3.amazonaws.com/EfileData/XmlFiles/202531019349300903_public.xml,1868988,
237154174,2024,990,https://gt990datalake-rawdata.s3.amazonaws.com/EfileData/XmlFiles/202531039349300813_public.xml,92192,8648
832255190,2024,990,https://gt990datalake-rawdata.s3.amazonaws.com/EfileData/XmlFiles/202520859349300022_public.xml,384927,10000
943356689,2024,990,https://gt990datalake-rawdata.s3.amazonaws.com/EfileData/XmlFiles/202520839349300432_public.xml,949926,52141
352489888,2024,990,https://gt990datalake-rawdata.s3.amazonaws.com/EfileData/XmlFiles/202521289349303812_public.xml,578426,288197
832488929,2024,990,https://gt990datalake-rawdata.s3.amazonaws.com/EfileData/XmlFiles/202501359349315960_public.xml,387884,268049
541623576,2024,990,https://gt990datalake-rawdata.s3.amazonaws.com/EfileData/XmlFiles/202511349349302536_public.xml,844441,
432106496,2024,990,https://gt990datalake-rawdata.s3.amazonaws.com/EfileData/XmlFiles/202501349349313030_public.xml,335430,319081
237370783,2024,990,https://gt990datalake-rawdata.s3.amazonaws.com/EfileData/XmlFiles/202511359349304476_public.xml,163803,36000
742241745,2024,990,https://gt990datalake-rawdata.s3.amazonaws.com/EfileData/XmlFiles/202501359349302525_public.xml,263003,173460
274344844,2024,990,https://gt990datalake-rawdata.s3.amazonaws.com/EfileData/XmlFiles/202521219349300042_public.xml,970419,
460878912,2024,990,https://gt990datalake-rawdata.s3.amazonaws.com/EfileData/XmlFiles/202501289349304285_public.xml,275197,
912054255,2024,990,https://gt990datalake-rawdata.s3.amazonaws.com/EfileData/XmlFiles/202501299349302905_public.xml,342982,0
311466898,2024,990,https://gt990datalake-rawdata.s3.amazonaws.com/EfileData/XmlFiles/202511349349307656_public.xml,446993,
30357112,2024,990,https://gt990datalake-rawdata.s3.amazonaws.com/EfileData/XmlFiles/202501289349301705_public.xml,206911,
743145100,2024,990,https://gt990datalake-rawdata.s3.amazonaws.com/EfileData/XmlFiles/202521279349302772_public.xml,1832838,
136165254,2024,990,https://gt990datalake-rawdata.s3.amazonaws.com/EfileData/XmlFiles/202501359349308610_public.xml,90813,
261967956,2024,990,https://gt990datalake-rawdata.s3.amazonaws.com/EfileData/XmlFiles/202521269349303417_public.xml,374643,
880450947,2024,990,https://gt990datalake-rawdata.s3.amazonaws.com/EfileData/XmlFiles/202511349349309331_public.xml,2529678,
581875599,2024,990,https://gt990datalake-rawdata.s3.amazonaws.com/EfileData/XmlFiles/202501399349300815_public.xml,304595,0
830274740,2024,990,https://gt990datalake-rawdata.s3.amazonaws.com/EfileData/XmlFiles/202511359349304911_public.xml,600877,67038
620563294,2024,990,https://gt990datalake-rawdata.s3.amazonaws.com/EfileData/XmlFiles/202501259349302805_public.xml,279773,
310999716,2024,990,https://gt990datalake-rawdata.s3.amazonaws.com/EfileData/XmlFiles/202511299349300421_public.xml,119404,0
582194611,2024,990,https://gt990datalake-rawdata.s3.amazonaws.com/EfileData/XmlFiles/202521229349302412_public.xml,235787,
200778121,2024,990,https://gt990datalake-rawdata.s3.amazonaws.com/EfileData/XmlFiles/202511349349305756_public.xml,1096784,128334
412072595,2024,990,https://gt990datalake-rawdata.s3.amazonaws.com/EfileData/XmlFiles/202511189349300501_public.xml,1630218,0
640711658,2024,990,https://gt990datalake-rawdata.s3.amazonaws.com/EfileData/XmlFiles/202501359349310705_public.xml,183106,129159
841248759,2024,990,https://gt990datalake-rawdata.s3.amazonaws.com/EfileData/XmlFiles/202511349349306331_public.xml,68446,
822395095,2024,990,https://gt990datalake-rawdata.s3.amazonaws.com/EfileData/XmlFiles/202511399349301676_public.xml,387187,
736120804,2024,990,https://gt990datalake-rawdata.s3.amazonaws.com/EfileData/XmlFiles/202501329349302320_public.xml,94782,10500
611583739,2024,990,https://gt990datalake-rawdata.s3.amazonaws.com/EfileData/XmlFiles/202521289349302242_public.xml,2083243,
710352307,2024,990,https://gt990datalake-rawdata.s3.amazonaws.com/EfileData/XmlFiles/202511259349301411_public.xml,1124037,417916
264215477,2024,990,https://gt990datalake-rawdata.s3.amazonaws.com/EfileData/XmlFiles/202501349349309305_public.xml,275195,0
810361221,2024,990,https://gt990datalake-rawdata.s3.amazonaws.com/EfileData/XmlFiles/202511269349301801_public.xml,961884,413993
264413560,2024,990,https://gt990datalake-rawdata.s3.amazonaws.com/EfileData/XmlFiles/202501279349300045_public.xml,258155,
834089433,2024,990,https://gt990datalake-rawdata.s3.amazonaws.com/EfileData/XmlFiles/202511349349309326_public.xml,314466,
843746616,2024,990,https://gt990datalake-rawdata.s3.amazonaws.com/EfileData/XmlFiles/202511359349312701_public.xml,210837,
203575558,2024,990,https://gt990datalake-rawdata.s3.amazonaws.com/EfileData/XmlFiles/202501189349301900_public.xml,328454,47214
593685470,2024,990,https://gt990datalake-rawdata.s3.amazonaws.com/EfileData/XmlFiles/202511399349301606_public.xml,869527,77967
261545304,2024,990,https://gt990datalake-rawdata.s3.amazonaws.com/EfileData/XmlFiles/202511289349303206_public.xml,611951,59012
264835303,2024,990,https://gt990datalake-rawdata.s3.amazonaws.com/EfileData/XmlFiles/202501299349300645_public.xml,3487039,
454242425,2024,990,https://gt990datalake-rawdata.s3.amazonaws.com/EfileData/XmlFiles/202511209349301816_public.xml,3581520,0
341028234,2024,990,https://gt990datalake-rawdata.s3.amazonaws.com/EfileData/XmlFiles/202501339349305820_public.xml,3730099,
161575308,2024,990,https://gt990datalake-rawdata.s3.amazonaws.com/EfileData/XmlFiles/202521289349302782_public.xml,295624,49500
474494949,2024,990,https://gt990datalake-rawdata.s3.amazonaws.com/EfileData/XmlFiles/202501359349315180_public.xml,106696,
880382189,2024,990,https://gt990datalake-rawdata.s3.amazonaws.com/EfileData/XmlFiles/202511329349306481_public.xml,107115,
814895106,2024,990,https://gt990datalake-rawdata.s3.amazonaws.com/EfileData/XmlFiles/202501399349301690_public.xml,668932,36545
860147539,2024,990,https://gt990datalake-rawdata.s3.amazonaws.com/EfileData/XmlFiles/202501349349307740_public.xml,2420081,
20702967,2024,990,https://gt990datalake-rawdata.s3.amazonaws.com/EfileData/XmlFiles/202511339349307491_public.xml,410116,
841498925,2024,990,https://gt990datalake-rawdata.s3.amazonaws.com/EfileData/XmlFiles/202511349349307601_public.xml,645958,12907
811344497,2024,990,https://gt990datalake-rawdata.s3.amazonaws.com/EfileData/XmlFiles/202501359349315300_public.xml,654406,
813123725,2024,990,https://gt990datalake-rawdata.s3.amazonaws.com/EfileData/XmlFiles/202501359349306150_public.xml,1692898,28634
10448408,2024,990,https://gt990datalake-rawdata.s3.amazonaws.com/EfileData/XmlFiles/202511339349300411_public.xml,848944,
710956749,2024,990,https://gt990datalake-rawdata.s3.amazonaws.com/EfileData/XmlFiles/202511219349300536_public.xml,5668249,938219
310846147,2024,990,https://gt990datalake-rawdata.s3.amazonaws.com/EfileData/XmlFiles/202511279349300716_public.xml,819584,430799
912152631,2024,990,https://gt990datalake-rawdata.s3.amazonaws.com/EfileData/XmlFiles/202511279349302316_public.xml,991295,
474154570,2024,990,https://gt990datalake-rawdata.s3.amazonaws.com/EfileData/XmlFiles/202501279349302615_public.xml,200569,98231
208277679,2024,990,https://gt990datalake-rawdata.s3.amazonaws.com/EfileData/XmlFiles/202511259349303076_public.xml,6421574,
208862731,2024,990,https://gt990datalake-rawdata.s3.amazonaws.com/EfileData/XmlFiles/202511329349303926_public.xml,4445306,650000
861147083,2024,990,https://gt990datalake-rawdata.s3.amazonaws.com/EfileData/XmlFiles/202501189349301525_public.xml,6358753,335203
590624468,2024,990,https://gt990datalake-rawdata.s3.amazonaws.com/EfileData/XmlFiles/202501419349300615_public.xml,20580178,228587
521541798,2024,990,https://gt990datalake-rawdata.s3.amazonaws.com/EfileData/XmlFiles/202511359349317046_public.xml,127475,
540922028,2024,990,https://gt990datalake-rawdata.s3.amazonaws.com/EfileData/XmlFiles/202511429349300216_public.xml,1977698,
560946889,2024,990,https://gt990datalake-rawdata.s3.amazonaws.com/EfileData/XmlFiles/202501289349301910_public.xml,353256,11369
351935366,2024,990,https://gt990datalake-rawdata.s3.amazonaws.com/EfileData/XmlFiles/202511269349300701_public.xml,452486,
860750139,2024,990,https://gt990datalake-rawdata.s3.amazonaws.com/EfileData/XmlFiles/202511339349307886_public.xml,3718126,
820833380,2024,990,https://gt990datalake-rawdata.s3.amazonaws.com/EfileData/XmlFiles/202501349349303705_public.xml,425662,600
820351171,2024,990,https://gt990datalake-rawdata.s3.amazonaws.com/EfileData/XmlFiles/202511429349301416_public.xml,6271398,
814278151,2024,990,https://gt990datalake-rawdata.s3.amazonaws.com/EfileData/XmlFiles/202501329349305760_public.xml,1559948,
951882915,2024,990,https://gt990datalake-rawdata.s3.amazonaws.com/EfileData/XmlFiles/202511209349303416_public.xml,369470,7359
20758897,2024,990,https://gt990datalake-rawdata.s3.amazonaws.com/EfileData/XmlFiles/202501229349301800_public.xml,1178143,
630851160,2024,990,https://gt990datalake-rawdata.s3.amazonaws.com/EfileData/XmlFiles/202511409349300211_public.xml,722743,111645
470980038,2024,990,https://gt990datalake-rawdata.s3.amazonaws.com/EfileData/XmlFiles/202511229349302926_public.xml,464470,
752915186,2024,990,https://gt990datalake-rawdata.s3.amazonaws.com/EfileData/XmlFiles/202501289349304305_public.xml,910810,
202433089,2024,990,https://gt990datalake-rawdata.s3.amazonaws.com/EfileData/XmlFiles/202511359349315836_public.xml,94271,0
850309964,2024,990,https://gt990datalake-rawdata.s3.amazonaws.com/EfileData/XmlFiles/202511339349308446_public.xml,271669,
821351758,2024,990,https://gt990datalake-rawdata.s3.amazonaws.com/EfileData/XmlFiles/202501359349308110_public.xml,315567,34492
205405226,2024,990,https://gt990datalake-rawdata.s3.amazonaws.com/EfileData/XmlFiles/202511329349305641_public.xml,870706,64000
202501002,2024,990,https://gt990datalake-rawdata.s3.amazonaws.com/EfileData/XmlFiles/202511349349307011_public.xml,8777070,6766556
680510566,2024,990,https://gt990datalake-rawdata.s3.amazonaws.com/EfileData/XmlFiles/202511229349302561_public.xml,374902,
203924355,2024,990,https://gt990datalake-rawdata.s3.amazonaws.com/EfileData/XmlFiles/202501329349304245_public.xml,417691,
841407056,2024,990,https://gt990datalake-rawdata.s3.amazonaws.com/EfileData/XmlFiles/202501359349304295_public.xml,68223,
43270010,2024,990,https://gt990datalake-rawdata.s3.amazonaws.com/EfileData/XmlFiles/202501329349305455_public.xml,72991,
475673816,2024,990,https://gt990datalake-rawdata.s3.amazonaws.com/EfileData/XmlFiles/202501339349301560_public.xml,319910,81339
264509867,2024,990,https://gt990datalake-rawdata.s3.amazonaws.com/EfileData/XmlFiles/202511359349309941_public.xml,51126,7705
272351051,2024,990,https://gt990datalake-rawdata.s3.amazonaws.com/EfileData/XmlFiles/202511349349308306_public.xml,231430,
271902423,2024,990,https://gt990datalake-rawdata.s3.amazonaws.com/EfileData/XmlFiles/202511209349301011_public.xml,351408,
813459439,2024,990,https://gt990datalake-rawdata.s3.amazonaws.com/EfileData/XmlFiles/202501409349301120_public.xml,361025,
382614596,2024,990,https://gt990datalake-rawdata.s3.amazonaws.com/EfileData/XmlFiles/202511269349301551_public.xml,287396,
251645715,2024,990,https://gt990datalake-rawdata.s3.amazonaws.com/EfileData/XmlFiles/202511159349300031_public.xml,30483,
752050812,2024,990,https://gt990datalake-rawdata.s3.amazonaws.com/EfileData/XmlFiles/202501329349304730_public.xml,5097707,
342018800,2024,990,https://gt990datalake-rawdata.s3.amazonaws.com/EfileData/XmlFiles/202501329349303015_public.xml,213091,
43490671,2024,990,https://gt990datalake-rawdata.s3.amazonaws.com/EfileData/XmlFiles/202501279349302575_public.xml,8220476,
262091859,2024,990,https://gt990datalake-rawdata.s3.amazonaws.com/EfileData/XmlFiles/202501339349309755_public.xml,570196,214250
481160429,2024,990,https://gt990datalake-rawdata.s3.amazonaws.com/EfileData/XmlFiles/202501269349303920_public.xml,41013,
900353655,2024,990,https://gt990datalake-rawdata.s3.amazonaws.com/EfileData/XmlFiles/202511279349301306_public.xml,85425,0
250993391,2024,990,https://gt990datalake-rawdata.s3.amazonaws.com/EfileData/XmlFiles/202501339349304795_public.xml,3359481,475269
20438520,2024,990,https://gt990datalake-rawdata.s3.amazonaws.com/EfileData/XmlFiles/202511359349309901_public.xml,295901,
830274740,2024,990,https://gt990datalake-rawdata.s3.amazonaws.com/EfileData/XmlFiles/202501349349309175_public.xml,600877,67038
465394268,2024,990,https://gt990datalake-rawdata.s3.amazonaws.com/EfileData/XmlFiles/202521219349301517_public.xml,297380,
481189755,2024,990,https://gt990datalake-rawdata.s3.amazonaws.com/EfileData/XmlFiles/202501409349301010_public.xml,919244,371442
822427604,2024,990,https://gt990datalake-rawdata.s3.amazonaws.com/EfileData/XmlFiles/202511269349301911_public.xml,248644,
462513733,2024,990,https://gt990datalake-rawdata.s3.amazonaws.com/EfileData/XmlFiles/202511189349302311_public.xml,276481,75460
800859981,2024,990,https://gt990datalake-rawdata.s3.amazonaws.com/EfileData/XmlFiles/202501339349303260_public.xml,491740,
205148995,2024,990,https://gt990datalake-rawdata.s3.amazonaws.com/EfileData/XmlFiles/202501299349300845_public.xml,1348832,
270317225,2024,990,https://gt990datalake-rawdata.s3.amazonaws.com/EfileData/XmlFiles/202521299349300142_public.xml,321730,242086
421338090,2024,990,https://gt990datalake-rawdata.s3.amazonaws.com/EfileData/XmlFiles/202501359349315350_public.xml,564967,143303
752609203,2024,990,https://gt990datalake-rawdata.s3.amazonaws.com/EfileData/XmlFiles/202511299349301921_public.xml,804770,
